field_id,field_type,vent_id,x_m,y_m,vent_height_m,relative_source_strength,active_field_radius_m,strong_influence_radius_m,weak_detectable_radius_m,field_center_x_m,field_center_y_m
1,Large / easy,1,887.46,1944.2,798.9,1.0,1195.1,1418.5,1884.1,1250.0,1650.0
1,Large / easy,2,1754.52,1790.98,798.1,1.0,1195.1,1418.5,1884.1,1250.0,1650.0
1,Large / easy,3,1042.28,1408.3,847.6,1.0,1195.1,1418.5,1884.1,1250.0,1650.0
1,Large / easy,4,1086.92,1509.84,752.5,1.0,1195.1,1418.5,1884.1,1250.0,1650.0
1,Large / easy,5,1587.87,1730.05,723.5,1.0,1195.1,1418.5,1884.1,1250.0,1650.0
1,Large / easy,6,1475.25,1824.83,980.2,1.0,1195.1,1418.5,1884.1,1250.0,1650.0
1,Large / easy,7,1234.28,1550.47,814.2,1.0,1195.1,1418.5,1884.1,1250.0,1650.0
2,Medium,1,4869.11,1475.66,591.3,0.82,930.6,1057.8,1295.2,4550.0,1250.0
2,Medium,2,4667.03,1388.3,610.8,0.82,930.6,1057.8,1295.2,4550.0,1250.0
2,Medium,3,4721.0,1235.89,803.7,0.82,930.6,1057.8,1295.2,4550.0,1250.0
2,Medium,4,4309.41,1559.33,540.6,0.82,930.6,1057.8,1295.2,4550.0,1250.0
2,Medium,5,4243.24,988.88,666.6,0.82,930.6,1057.8,1295.2,4550.0,1250.0
3,Large / easy,1,7675.47,1993.51,798.9,0.96,1155.9,1395.3,1809.8,7900.0,2050.0
3,Large / easy,2,8123.1,2172.44,971.5,0.96,1155.9,1395.3,1809.8,7900.0,2050.0
3,Large / easy,3,7921.69,1581.72,832.6,0.96,1155.9,1395.3,1809.8,7900.0,2050.0
3,Large / easy,4,8026.2,2136.13,631.2,0.96,1155.9,1395.3,1809.8,7900.0,2050.0
3,Large / easy,5,7796.49,1646.31,758.8,0.96,1155.9,1395.3,1809.8,7900.0,2050.0
3,Large / easy,6,7898.85,2559.54,967.4,0.96,1155.9,1395.3,1809.8,7900.0,2050.0
3,Large / easy,7,7922.51,1514.71,908.7,0.96,1155.9,1395.3,1809.8,7900.0,2050.0
4,Compact / difficult,1,2331.14,5006.34,490.8,0.62,744.5,823.8,957.4,2050.0,5150.0
4,Compact / difficult,2,2160.88,5289.28,485.6,0.62,744.5,823.8,957.4,2050.0,5150.0
4,Compact / difficult,3,1760.21,5066.17,594.3,0.62,744.5,823.8,957.4,2050.0,5150.0
5,Medium,1,5166.87,4551.44,593.5,0.78,979.6,1133.2,1411.0,5550.0,4750.0
5,Medium,2,5858.24,4713.3,675.6,0.78,979.6,1133.2,1411.0,5550.0,4750.0
5,Medium,3,5276.7,4386.45,525.7,0.78,979.6,1133.2,1411.0,5550.0,4750.0
5,Medium,4,5311.77,4402.89,523.2,0.78,979.6,1133.2,1411.0,5550.0,4750.0
5,Medium,5,5652.5,4731.71,547.9,0.78,979.6,1133.2,1411.0,5550.0,4750.0
6,Compact / difficult,1,8094.58,6676.61,487.7,0.58,764.1,853.1,1009.2,8300.0,6750.0
6,Compact / difficult,2,8328.7,6923.32,497.6,0.58,764.1,853.1,1009.2,8300.0,6750.0
6,Compact / difficult,3,8497.61,6640.07,437.1,0.58,764.1,853.1,1009.2,8300.0,6750.0
7,Large / easy,1,4107.6,8141.73,943.9,0.92,1126.5,1348.5,1777.0,4250.0,8550.0
7,Large / easy,2,4085.37,8782.38,725.7,0.92,1126.5,1348.5,1777.0,4250.0,8550.0
7,Large / easy,3,4011.88,8437.06,926.5,0.92,1126.5,1348.5,1777.0,4250.0,8550.0
7,Large / easy,4,4516.91,8527.95,850.8,0.92,1126.5,1348.5,1777.0,4250.0,8550.0
7,Large / easy,5,4708.66,8387.25,761.1,0.92,1126.5,1348.5,1777.0,4250.0,8550.0
7,Large / easy,6,4153.02,8480.2,866.1,0.92,1126.5,1348.5,1777.0,4250.0,8550.0
